firstname,lastname,email,phone,city
Federico,Piechnik,fpiechnik0@twitter.com,8204780888,Lianghu
Cyndie,Perrington,cperrington1@dmoz.org,8077158935,El Salitre
Fanechka,Van Arsdall,fvanarsdall2@nsw.gov.au,8846856746,Teeli
Susi,Meneghelli,smeneghelli3@unblog.fr,4479073120,Sŭedinenie
Yuma,Meneyer,ymeneyer4@pen.io,8579753351,Wang Sombun
Filippa,Gidman,fgidman5@elegantthemes.com,1809410624,La Libertad
Robbert,Mangion,rmangion6@webs.com,8198073806,Ravānsar
Salvatore,Olfert,solfert7@umn.edu,3178176674,Tours
Evelina,Vineall,evineall8@google.com.br,1434089415,Hengjing
Eimile,Letherbury,eletherbury9@tuttocitta.it,1951772615,Katumba
Chris,Henrion,chenriona@techcrunch.com,5208923569,Rio Pardo
Debi,Reford,drefordb@fc2.com,7131919646,Balogo
Lou,Mendez,lmendezc@wordpress.org,4403671617,Duwayr Raslān
Alaine,Cadman,acadmand@microsoft.com,4194174981,Longbo
Gwenni,Heijne,gheijnee@mayoclinic.com,8127882487,Tandag
Isadora,Dimmick,idimmickf@w3.org,7515087879,Melioratyvne
Gannon,Gwilym,ggwilymg@list-manage.com,4186754606,Hamilton
Heath,Norridge,hnorridgeh@myspace.com,7994268958,Stylída
Bonny,Adriaens,badriaensi@salon.com,1644883473,El Realejo
Guss,Rotlauf,grotlaufj@tinypic.com,6327152762,Santa Rita
Monika,Andreix,mandreixk@mashable.com,1163694238,Rodnikovskaya
Aline,Tomankowski,atomankowskil@goo.ne.jp,9623217005,Katuli
Gilles,Loughman,gloughmanm@google.com.hk,5222871185,Mazār-e Sharīf
Elnar,Korting,ekortingn@deviantart.com,1506476645,Dipayal
Oran,Suermeiers,osuermeierso@shareasale.com,6932913579,Aragarças
Felic,Eleshenar,feleshenarp@usgs.gov,9401054938,Beigao
Joyann,Guinn,jguinnq@list-manage.com,1234092730,Shijiao
Claybourne,Lancetter,clancetterr@state.tx.us,1136340875,Poja Nae
Frederick,Flello,fflellos@state.gov,1695549986,Zürich
Dido,Borel,dborelt@gov.uk,7559440199,Ignacio Zaragoza
Darcey,Hales,dhalesu@smugmug.com,8787596377,Vedène
Phillie,Stovold,pstovoldv@yellowpages.com,3096672461,Changle
Eldridge,Beharrell,ebeharrellw@meetup.com,5783634229,Limbo
Nyssa,Brislen,nbrislenx@moonfruit.com,2483268166,Gala
Carlotta,Dumbar,cdumbary@icq.com,9646936299,Guofu
Fawnia,Garrelts,fgarreltsz@tinyurl.com,4267536300,Sarilhos Grandes
Rube,Ellis,rellis10@prnewswire.com,8213071757,El Peñol
Lolita,Gantzer,lgantzer11@fema.gov,8579818944,Mandor
Nike,Gurrado,ngurrado12@hc360.com,5448359203,La Plata
Zandra,Copson,zcopson13@admin.ch,9512221991,Corona
Colan,Bernhardi,cbernhardi14@wufoo.com,6599623868,Paraguaçu
Amalia,Spens,aspens15@photobucket.com,5448307241,Pali
Erskine,Summerlie,esummerlie16@youtube.com,8413530017,Mqabba
Aurelea,Ottiwill,aottiwill17@godaddy.com,2565396662,Ladoeiro
Prinz,Rockhill,prockhill18@wsj.com,1781538390,El Almendro
Marcel,Leatham,mleatham19@aol.com,5961675100,Mashan
Brnaby,Schrinel,bschrinel1a@engadget.com,6695111788,Kalidawe
Lawton,Selby,lselby1b@washington.edu,2318123871,Baniachang
Katerine,Hanscome,khanscome1c@fc2.com,8147301587,Vredenburg
Terence,Pescod,tpescod1d@shutterfly.com,8985148633,Malie
Jeannine,Volonte,jvolonte1e@arizona.edu,3881059619,Nigel
Angelo,Handaside,ahandaside1f@angelfire.com,1583121111,Deshan
Noellyn,Grayson,ngrayson1g@nasa.gov,4287932331,Jiangqiao
Maryjane,Pedroni,mpedroni1h@wisc.edu,8266740818,Quva
Giovanni,Denerley,gdenerley1i@drupal.org,7984733371,Ashiya
Mel,Williams,mwilliams1j@state.gov,9202776530,Karangmulyo
Isaac,Coverdale,icoverdale1k@goo.ne.jp,7451972402,Punta Cana
Benoit,Nairy,bnairy1l@amazon.co.jp,4807262885,Cruzília
Curtice,Cicchelli,ccicchelli1m@ucoz.ru,4062160937,Pingpu
Griff,Siddle,gsiddle1n@jalbum.net,1093399663,Kopen
Giovanni,Tiron,gtiron1o@rambler.ru,5136786976,Manokwari
Eldin,Cline,ecline1p@drupal.org,7694842145,Ostrožská Nová Ves
Sheeree,Pipes,spipes1q@oracle.com,1771973380,Jiashan
Ervin,MacAlaster,emacalaster1r@earthlink.net,7099391980,Shangwuzhuang
Sigrid,Deschlein,sdeschlein1s@alexa.com,9744008124,Guachetá
Alfonse,Harraway,aharraway1t@comcast.net,7297692792,Gataivai
Xerxes,Cocklin,xcocklin1u@salon.com,5743528394,Zagazig
Norrie,Wabey,nwabey1v@yelp.com,1965313769,Nueva Loja
Birgitta,Morton,bmorton1w@pinterest.com,5355884655,Bogovarovo
Elfreda,Devote,edevote1x@eepurl.com,2054385959,Birmingham
Kaitlyn,Pretor,kpretor1y@vk.com,5987739399,Ḩāfiz̧ Moghul
Dewey,Feaks,dfeaks1z@examiner.com,2344755168,Masuda
Hamilton,Armour,harmour20@amazon.de,5273708170,Králův Dvůr
Alexis,Collopy,acollopy21@xrea.com,7291166201,Qiaodong
Breena,Megahey,bmegahey22@yahoo.com,3314570715,Shimen
Lindy,Reijmers,lreijmers23@cpanel.net,8395008193,Falun
Gennie,Dennert,gdennert24@tiny.cc,1514769614,Bimbo
Sherrie,Kaminski,skaminski25@washingtonpost.com,3697203264,Saihan Tal
Mitch,Lardnar,mlardnar26@hhs.gov,9819132646,Birni N Konni
Olenolin,Cleve,ocleve27@de.vu,5982526982,Taohua
Leslie,Isted,listed28@free.fr,3637089822,Kota Kinabalu
Ezmeralda,Spybey,espybey29@ftc.gov,3606996897,Shuangxi
Noam,Aveyard,naveyard2a@opera.com,3063971444,Géfyra
Charmane,Pfaffel,cpfaffel2b@xrea.com,7099625290,Yangzi
Klara,Conroy,kconroy2c@infoseek.co.jp,9147620661,Magepanda
Gustavo,Bolte,gbolte2d@odnoklassniki.ru,2914545162,Lubukgadang
Nicholas,Russell,nrussell2e@techcrunch.com,8205752340,Kanganpur
Duffie,Siddon,dsiddon2f@nba.com,2058036036,Caridade
Leo,Ghiotto,lghiotto2g@fema.gov,3837483609,Imaan
Charlene,Macvey,cmacvey2h@imdb.com,4759145287,Västra Frölunda
Sande,Dannel,sdannel2i@shinystat.com,3863876270,Tanjungbatu
Blinny,Abramski,babramski2j@google.es,4201294145,Nelson
Daffi,Keune,dkeune2k@ifeng.com,6237953174,Kadusirung Hilir
Jeremiah,Kingshott,jkingshott2l@reddit.com,5879121673,‘Arīshah
Beret,Tiddeman,btiddeman2m@mozilla.org,1562778373,Prévost
Elliot,Bowstead,ebowstead2n@nature.com,5238229293,Thun
Thaddeus,Comford,tcomford2o@mail.ru,6046176583,Santa Maria
Abby,Proom,aproom2p@unblog.fr,5105371188,Panyam
Emlynn,Jacobsohn,ejacobsohn2q@ox.ac.uk,5144712745,Almalaguês
Bernarr,Spittles,bspittles2r@fotki.com,1687480393,Sungaigerong
Willy,De Mattei,wdemattei2s@biblegateway.com,5731543459,Várzea da Palma
Vinni,Cockrell,vcockrell2t@washington.edu,5181024454,San Jacinto
Sarah,Quye,squye2u@fda.gov,1783298737,Hou’an
Antonino,Bernardeau,abernardeau2v@marriott.com,5225329778,Duisburg
Reena,Tallman,rtallman2w@indiatimes.com,2338648254,Petaling Jaya
Germaine,Camsey,gcamsey2x@telegraph.co.uk,6131032490,Kujang
Perla,Stocky,pstocky2y@icq.com,6143531122,Sepolong Timur
Trisha,Toolan,ttoolan2z@tamu.edu,2334751584,Kalepasan
Joelly,MacPherson,jmacpherson30@unicef.org,1935351790,Castlebridge
Winfred,Snodin,wsnodin31@pcworld.com,9591550175,Amvrosiyivka
Durand,Studart,dstudart32@livejournal.com,6756702955,Bambor
Jazmin,Gaffney,jgaffney33@tinypic.com,7357390291,Bajiazi
Carole,Garaghan,cgaraghan34@tamu.edu,6949713300,Huangling
Eleonore,Dienes,edienes35@umn.edu,8313233468,Baćkowice
Inigo,O'Henehan,iohenehan36@google.fr,2284513030,Tangkil
Nani,Grimble,ngrimble37@cargocollective.com,9716488133,Kraśnik
Chiquia,Gipp,cgipp38@hugedomains.com,3049877459,Błażowa
Shena,Bastie,sbastie39@hexun.com,8742401097,Jijiazhuang
Bernadine,Rayson,brayson3a@gnu.org,4155951490,Ponte da Pedra
Kariotta,Sabater,ksabater3b@vk.com,7973802008,Panaitólion
Erica,Mercey,emercey3c@chicagotribune.com,4957274734,Sehwān
Bili,Hucks,bhucks3d@feedburner.com,9878876092,Cajamarca
Susann,Moggle,smoggle3e@whitehouse.gov,3346363348,Baihe
Theodore,MacKaile,tmackaile3f@ehow.com,1242851949,Veghel
Bert,Gibard,bgibard3g@princeton.edu,7185010166,Flushing
Jerald,Have,jhave3h@hc360.com,6199697002,Ōmuta
Emerson,MacMeanma,emacmeanma3i@wp.com,4596513065,Caojia
Ryann,Chaperling,rchaperling3j@statcounter.com,2832773520,Cikalong
Ron,Carvill,rcarvill3k@amazon.co.jp,8302578153,Lichtenburg
Farleigh,Beste,fbeste3l@blogtalkradio.com,1713801187,Shuiche
Francklin,How to preserve,fhowtopreserve3m@microsoft.com,4817947330,Bilajari
Marquita,Brimacombe,mbrimacombe3n@statcounter.com,6738680898,Kostino
Merralee,Vowels,mvowels3o@dot.gov,9489189420,Danao
Dominick,Jouannisson,djouannisson3p@4shared.com,7788877818,Dingqiao
Grenville,Klaus,gklaus3q@engadget.com,3125151046,Olyka
De witt,Rexworthy,drexworthy3r@prnewswire.com,5768627383,Stockholm
Reed,Athy,rathy3s@hubpages.com,1325936697,Bejsce
Gino,Runnacles,grunnacles3t@disqus.com,2095101449,Nokaneng
Dotty,Laste,dlaste3u@github.io,8515600900,Natitingou
Diannne,Itter,ditter3v@marriott.com,5685096298,Chambéry
Flor,Elis,felis3w@statcounter.com,3684162085,Fangtian
Gasparo,Gollard,ggollard3x@google.com.au,1729550643,Ţūlkarm
Fanni,Paice,fpaice3y@amazon.co.uk,9757950779,Bulalacao
Bernadette,Kuschke,bkuschke3z@flavors.me,6093742694,Bokong Timur
Ruttger,Raitt,rraitt40@skype.com,4911387397,Xuelu
Rock,Damant,rdamant41@altervista.org,9459583689,Gabrovo
Ronnica,Janodet,rjanodet42@go.com,9908101907,Urrô
Hildagarde,McWhirter,hmcwhirter43@nydailynews.com,4796099774,Daoukro
Dusty,Rundall,drundall44@devhub.com,8982981372,Donabate
Valerye,Allardyce,vallardyce45@ehow.com,1799112696,Chiguata
Hersch,Rupprecht,hrupprecht46@mit.edu,8919489767,Danyang
Nettle,Aspenlon,naspenlon47@webs.com,9912132976,Isdalstø
Davidde,Perillio,dperillio48@shop-pro.jp,8597707189,Mirovice
Maximilien,Pletts,mpletts49@wikispaces.com,1222745421,Carriedo
Nevsa,Bacher,nbacher4a@google.fr,2664102303,Carromeu
Joseito,Khoter,jkhoter4b@pbs.org,7734547643,Tuqiao
Addia,Beese,abeese4c@nba.com,4777736189,Mixco
Rubia,Vaughten,rvaughten4d@smh.com.au,3022384952,Wilmington
Onida,Clemmett,oclemmett4e@trellian.com,6058318013,Bang Bo
Care,Kreuzer,ckreuzer4f@booking.com,1776764153,San Pedro Masahuat
Reggis,Pilbeam,rpilbeam4g@nps.gov,7533736214,General Manuel J. Campos
Salaidh,Finkle,sfinkle4h@army.mil,7006241803,Temyasovo
Malvin,Swanton,mswanton4i@cocolog-nifty.com,2176154064,Fort-de-France
Bunny,Lillico,blillico4j@lycos.com,5553740801,Igarapé Açu
Letti,Siccombe,lsiccombe4k@liveinternet.ru,5541929334,Kirs
Lee,Doey,ldoey4l@oaic.gov.au,7364624350,Banjar Penyalin
Tamar,Lawerence,tlawerence4m@adobe.com,6279264808,Burgas
Emmit,Loades,eloades4n@ehow.com,7981919770,Paris 16
Forbes,Matula,fmatula4o@de.vu,5764460022,Rozhniv
Waiter,A'field,wafield4p@jalbum.net,8055529337,Santa Barbara
Sallyanne,Reddecliffe,sreddecliffe4q@yolasite.com,1945167637,Ningxin
Devin,Rao,drao4r@yahoo.com,9975932496,Cinyasag
Zackariah,Andreix,zandreix4s@live.com,8778470174,Jönköping
Austin,Ferry,aferry4t@sun.com,6782739649,Metz
Mattie,Boliver,mboliver4u@jugem.jp,9456966984,Bobowa
Farlay,Caw,fcaw4v@delicious.com,9394319156,Duwayr Raslān
Georgette,Raddin,graddin4w@t-online.de,5813098859,Glatik
Trip,Hariot,thariot4x@virginia.edu,3848383158,Firmat
Emlynn,Sweetnam,esweetnam4y@diigo.com,6941698216,Zhoujiadian
Jay,MacMurray,jmacmurray4z@creativecommons.org,9975869895,Boquira
Sanders,Pembry,spembry50@sciencedaily.com,7475155442,Santa Teresita
Jackson,Smooth,jsmooth51@goodreads.com,2331812875,Zhaoxiang
Randi,Springham,rspringham52@census.gov,4035343891,Stockholm
Freida,Castello,fcastello53@alibaba.com,7594468503,San Francisco de Coray
Lily,Panswick,lpanswick54@t-online.de,2198249619,Mitake
Aldus,Risen,arisen55@sciencedirect.com,3501966606,Tombatu
Ezra,Scoyles,escoyles56@bbb.org,5382069257,Sandweiler
Brandon,McAneny,bmcaneny57@com.com,6922582759,Siborong-borong
Deanna,Cradduck,dcradduck58@devhub.com,6011569493,Rájec-Jestřebí
Kendre,Moreno,kmoreno59@google.ca,5366917319,Baorixile
Rivalee,Snar,rsnar5a@engadget.com,7976742215,Poponcol
Yorke,Snarr,ysnarr5b@irs.gov,2777744176,Broniszewice
Tobias,McKinley,tmckinley5c@squarespace.com,3379688886,Santo Niño
Benton,Dockerty,bdockerty5d@hud.gov,5468395421,Pueblo Nuevo
Son,Rapelli,srapelli5e@networksolutions.com,8172396453,Thatta
Ara,Geratasch,ageratasch5f@home.pl,5078981880,Luboń
Goddard,Christie,gchristie5g@a8.net,5561144924,Yanghu
Druci,Wolfart,dwolfart5h@slideshare.net,9557569184,Krasnolesnyy
Maryann,Dowson,mdowson5i@un.org,3024670494,Milín
Lorain,Allflatt,lallflatt5j@hubpages.com,8236987815,Springbok
Waylen,Kleinmann,wkleinmann5k@sun.com,5606034226,Feuknoni
Curt,Sheepy,csheepy5l@oaic.gov.au,6141726004,Motuo
Guglielma,Stronach,gstronach5m@ustream.tv,8362408626,Bidbid
Wyatt,Yoodall,wyoodall5n@squidoo.com,2722433123,Sumurnanjung
Robert,De Castri,rdecastri5o@multiply.com,7892690410,Białogard
Yuma,Goatman,ygoatman5p@gravatar.com,3155153554,Lunen
Arabele,Lindberg,alindberg5q@vimeo.com,8739496205,Sayaq
Bentley,Crees,bcrees5r@themeforest.net,4445352278,Yongdeng Chengguanzhen
Rudolph,Smidmor,rsmidmor5s@twitter.com,8119260318,Balneário Camboriú
Merle,McVey,mmcvey5t@redcross.org,2875204267,Onoda
Cello,Gress,cgress5u@biblegateway.com,1415738663,Amparafaravola
Warde,Brightling,wbrightling5v@sfgate.com,3809957557,Baran
Sarina,Broadbridge,sbroadbridge5w@aol.com,2223543686,Changlong
Renie,Trusler,rtrusler5x@vk.com,6492735649,Sobreira
Gardiner,Pockey,gpockey5y@cam.ac.uk,5074248208,Na Chaluai
Horten,Cescotti,hcescotti5z@biglobe.ne.jp,8631237114,Aíyira
Selinda,Vatini,svatini60@discovery.com,1891618171,Yamen
Candice,Favela,cfavela61@japanpost.jp,9357046973,Ugac Sur
Adelina,Tattoo,atattoo62@youtube.com,8501868940,Santa Rosa de Lima
Nick,Hegdonne,nhegdonne63@bluehost.com,8867496777,Daloa
Bliss,Lettington,blettington64@hp.com,1417371534,Jiangkou
Kyla,Phizakarley,kphizakarley65@goo.gl,9425925909,Zengji
Andrea,Legges,alegges66@multiply.com,9132878702,Lyon
Blayne,Dangl,bdangl67@usgs.gov,1484687847,Thouars
Jay,King,jking68@storify.com,5451647983,Panambi
Colby,Ambrogini,cambrogini69@wikia.com,2826342329,San Miguel
Stanislaw,Flower,sflower6a@hp.com,1066661984,Puyehue
Tobe,Thurske,tthurske6b@51.la,6791212837,Xintang
Torry,Scanderet,tscanderet6c@com.com,8962386522,Suchy Las
Lolly,Bodley,lbodley6d@walmart.com,7202368436,Gangjia
Tully,Gonnelly,tgonnelly6e@amazon.com,4527997517,Yanaul
Alayne,Speechley,aspeechley6f@arizona.edu,2927411701,Karvia
Sarette,Postgate,spostgate6g@cargocollective.com,8576197218,Jiangya
Giulietta,Teape,gteape6h@prweb.com,1073731258,Taobei
Nickolas,Condell,ncondell6i@123-reg.co.uk,5289636301,Liangbing
Allie,Mulcahy,amulcahy6j@dyndns.org,4588329422,Bowen Island
Karlis,Tranter,ktranter6k@youtu.be,4944216571,Candon
Kelsey,Beahan,kbeahan6l@utexas.edu,6687276595,Karadaglije
Ariana,Hamstead,ahamstead6m@symantec.com,9052200490,Czarna Dąbrówka
Emalee,Blaine,eblaine6n@foxnews.com,5787546780,Caqu
Mayor,Toulch,mtoulch6o@paginegialle.it,8377173465,Caridad
Killian,Dunphy,kdunphy6p@amazon.co.uk,5739187646,Regimin
Trev,Shackleford,tshackleford6q@fema.gov,8972624624,Leigao
Andy,Silbersak,asilbersak6r@prweb.com,3707458975,Anguera
Elfreda,Desaur,edesaur6s@java.com,9213168659,Salem
Joletta,Iaduccelli,jiaduccelli6t@prlog.org,1547628757,Sydney
Brittni,Press,bpress6u@people.com.cn,1396038972,Lo Prado
Verina,Stedell,vstedell6v@istockphoto.com,6974472247,Smyshlyayevka
Angelia,Wrathall,awrathall6w@w3.org,8647575806,Dayong
Helaine,Loosely,hloosely6x@flickr.com,2836854826,Cheremshan
Rubie,McGrouther,rmcgrouther6y@zimbio.com,8596952802,Jiangwan
Marcile,Cuel,mcuel6z@cpanel.net,6064678787,Cigarogol
Hugh,Shales,hshales70@nyu.edu,2849636672,Jales
Shoshana,Eltone,seltone71@about.com,4087151850,Talisayan
Margot,Grinaugh,mgrinaugh72@vinaora.com,5265825686,Impendle
Hervey,Stollsteiner,hstollsteiner73@smh.com.au,2995688090,Pingsha
Janeta,Torra,jtorra74@ustream.tv,3283745287,Lamut
Hana,Wallace,hwallace75@addthis.com,6229301128,Ualog
Denice,MacLice,dmaclice76@dell.com,1516362809,Hongcheng
Leroy,Dils,ldils77@indiatimes.com,1459665878,Palma Soriano
Britt,Southam,bsoutham78@amazonaws.com,1234317588,Sassandra
Iormina,Dorbon,idorbon79@wisc.edu,3048984253,Pokrovskoye
Liliane,Placido,lplacido7a@angelfire.com,3132170240,Kutamandarakan
Brittni,Sturgess,bsturgess7b@cornell.edu,7059501668,Citatah Kaler
Joellyn,Lissemore,jlissemore7c@chicagotribune.com,9978100729,Zamora
Salomi,Castelli,scastelli7d@live.com,5205944343,Falun
Borden,Buyers,bbuyers7e@merriam-webster.com,2064319808,Ore
Karlan,O'Riordan,koriordan7f@networksolutions.com,9825634280,Xueshan
Carmita,Sisson,csisson7g@altervista.org,8292488755,Łomianki
Terrence,Treven,ttreven7h@example.com,4022368797,Foros do Trapo
Barnabe,Jeske,bjeske7i@homestead.com,5052645421,Hujiagou
Savina,Demaine,sdemaine7j@hud.gov,2254059959,Karpushikha
Mame,Paulsson,mpaulsson7k@prweb.com,9726550579,Obonoma
Doll,Henden,dhenden7l@nhs.uk,9378305395,Macau
Annabella,Hemshall,ahemshall7m@360.cn,9679092512,Caridade
Adria,Bloan,abloan7n@i2i.jp,4821450876,Carepa
Fritz,Pley,fpley7o@comcast.net,5492679553,Al Qanāyāt
Marni,Caudrey,mcaudrey7p@sogou.com,4479862465,Guayaramerín
Midge,Budgeon,mbudgeon7q@sfgate.com,1701405978,Kropachëvo
Maximilien,Crolla,mcrolla7r@hp.com,5387754780,Navegantes
Barnaby,Mattes,bmattes7s@merriam-webster.com,2708670940,Balingueo
Nichole,Beushaw,nbeushaw7t@bbb.org,7302240546,Salam
Billy,Bosenworth,bbosenworth7u@uol.com.br,2941255134,Sepit
Wanids,Fysh,wfysh7v@macromedia.com,7623109763,Pau
Giulio,Gilbane,ggilbane7w@deliciousdays.com,1377734215,Puyung
Renard,Fransinelli,rfransinelli7x@pcworld.com,6243020702,Shaffa
Joellyn,Fermoy,jfermoy7y@homestead.com,9012930208,Criação Velha
Wyn,Blunsom,wblunsom7z@yelp.com,4353852312,Labinot-Mal
Christye,Pettiward,cpettiward80@mysql.com,3923640989,Proletar
Sharla,Bernth,sbernth81@edublogs.org,8088665451,Honolulu
Harley,Kiddell,hkiddell82@hao123.com,3526783165,Rukem
Georgiana,Saing,gsaing83@vk.com,4633429439,Fāqūs
Horatius,Mulbry,hmulbry84@privacy.gov.au,4202540030,Osapsio
Hieronymus,Wigg,hwigg85@si.edu,6321770860,Kapakabisa
Serena,Serridge,sserridge86@ucla.edu,2266136397,Paris 14
Ninette,Van Dale,nvandale87@hatena.ne.jp,1424163577,Puerto Obaldía
Meggy,Po,mpo88@sciencedaily.com,1538347848,Pangushan
Marinna,Teasdale,mteasdale89@google.ca,4301739021,Krajansumbermujur
Benjamin,Loblie,bloblie8a@eepurl.com,2642117719,Palangkaraya
Juliana,McConigal,jmcconigal8b@acquirethisname.com,4444741767,San Francisco
Bertine,Sextone,bsextone8c@topsy.com,3134495119,Maranura
Carling,Lamp,clamp8d@so-net.ne.jp,7491629221,Caoyan
Raul,Warn,rwarn8e@whitehouse.gov,7371182472,Aurora
Simona,Shevill,sshevill8f@discuz.net,5005134180,Longde Chengguanzhen
Faina,Loiterton,floiterton8g@bloglines.com,7677003695,Ubon Ratchathani
Vernice,Derington,vderington8h@1und1.de,2455455447,Lagoa do Itaenga
Jarib,Sirl,jsirl8i@naver.com,3053039955,Airuk
Daphne,Crebbin,dcrebbin8j@apple.com,5251440377,Sindangbarang
Reuven,Hanniger,rhanniger8k@nymag.com,6993680028,Jieheshi
Ethe,Senchenko,esenchenko8l@cocolog-nifty.com,6969722598,Jarry
Ester,Josephson,ejosephson8m@wikimedia.org,4849322406,Villa Urquiza
Gennifer,Skerme,gskerme8n@sciencedirect.com,9231170111,Qalqīlyah
Leah,Pettican,lpettican8o@jigsy.com,8651942835,Wolofeo
Rosco,Habgood,rhabgood8p@omniture.com,6348816941,Hezuoqiao
Calhoun,Gemmill,cgemmill8q@theatlantic.com,2731530814,Bukid
Jobina,Lantry,jlantry8r@apache.org,7146246768,Jilong
Erl,Cuel,ecuel8s@ehow.com,1893079428,Kedungharjo
Tobe,Horsley,thorsley8t@fema.gov,4961599526,Santa Cruz
Cole,Hatry,chatry8u@bizjournals.com,7986594792,Palkino
Lauretta,Burren,lburren8v@cloudflare.com,6799718062,Predavac
Orbadiah,Ketchen,oketchen8w@cyberchimps.com,1105691673,Ōkawa
Clyde,Targetter,ctargetter8x@hao123.com,3879021704,Nakhodka
Carlo,Lomis,clomis8y@taobao.com,9882932397,Nantang
Elicia,Scrivenor,escrivenor8z@admin.ch,2827259956,Anzhero-Sudzhensk
Debee,Fenech,dfenech90@cornell.edu,2942928988,Xiaochi
Aubry,Otto,aotto91@rambler.ru,6396267287,Seremban
Morganica,Stephens,mstephens92@t.co,3733076264,Yaoundé
Ivette,Aveyard,iaveyard93@redcross.org,6756149074,Monte do Outeiro
Nonah,Avrahamoff,navrahamoff94@geocities.jp,2411344093,Kouango
Gino,Lang,glang95@army.mil,2458621676,Muslyumovo
Wynny,Mole,wmole96@reference.com,8346436638,Valença do Douro
Mireille,Rosoman,mrosoman97@ycombinator.com,8571810038,Goúvai
Shamus,Bridgman,sbridgman98@adobe.com,5773438907,Kertanegla
Lynda,Caldera,lcaldera99@ning.com,3377985429,Presnenskiy
Lynnette,Heis,lheis9a@joomla.org,4943801738,Berlin
Brigitta,Augur,baugur9b@yahoo.co.jp,7896177037,Rueil-Malmaison
Manuel,Frank,mfrank9c@google.com,3603782209,Zhovkva
Hagen,Hixley,hhixley9d@nature.com,4853534328,Forshaga
Katina,Flounders,kflounders9e@nymag.com,6446897585,Vicente Guerrero
Isadora,Matterson,imatterson9f@thetimes.co.uk,5739476071,Mangli
Lynne,Colleton,lcolleton9g@exblog.jp,5032613849,Landi Kotal
Jobina,Wallworke,jwallworke9h@java.com,3966451311,Yāsūf
Hernando,Windeatt,hwindeatt9i@upenn.edu,4515474384,Samadua
Stillmann,Perrot,sperrot9j@hao123.com,9973457634,Baumata
Belinda,Huxter,bhuxter9k@skype.com,4176917656,Mae Hi
Stanleigh,Woodrooffe,swoodrooffe9l@blogspot.com,7895335024,Thành Phố Hà Giang
Blaine,Gillice,bgillice9m@nhs.uk,9652777637,Lameiras
Gerek,Petschelt,gpetschelt9n@fema.gov,6264109207,Agiásos
Tremaine,Lavell,tlavell9o@skyrock.com,3904126528,Pereira
Shelia,Brewse,sbrewse9p@flavors.me,4206671883,Bigoudine
Verney,McIlraith,vmcilraith9q@hp.com,9864069585,Kot Sultan
Falkner,Fontaine,ffontaine9r@arstechnica.com,7302646250,Morón
James,Petlyura,jpetlyura9s@ycombinator.com,8161732406,Amaury
Corabelle,Hawkswood,chawkswood9t@prlog.org,7572285871,Thành Phố Uông Bí
Rubie,Ordemann,rordemann9u@a8.net,8333971246,Xijiao
Bearnard,Greer,bgreer9v@homestead.com,1933442121,Sūq ar Rabū‘
Markus,Zanioletti,mzanioletti9w@histats.com,9581344243,Tilik
Annmarie,Benting,abenting9x@narod.ru,6162369850,Hveragerði
Cornell,Valder,cvalder9y@weather.com,4879389157,Novorossiysk
Darrell,Terese,dterese9z@businessinsider.com,7174220998,Dongqu
Hasty,Belfrage,hbelfragea0@yale.edu,7907830391,Pudoc North
Dewie,Hyslop,dhyslopa1@diigo.com,4481514749,Derhachi
Olivero,Camilletti,ocamillettia2@wordpress.com,1648960251,Utajärvi
Waverley,Hellen,whellena3@addthis.com,7263220791,Valença
Perla,Wynch,pwyncha4@constantcontact.com,1425028078,Shinao
Denni,Chmiel,dchmiela5@cocolog-nifty.com,8171976866,Fort Worth
Oralle,Deshorts,odeshortsa6@aboutads.info,5703883148,Moss
Opaline,Akenhead,oakenheada7@opensource.org,3032964768,Jinguoping
Claudette,Mincini,cmincinia8@bloomberg.com,8463913405,Limbe
Chantal,Vizard,cvizarda9@sfgate.com,7746347259,Guadalupe
Imogen,Buggs,ibuggsaa@multiply.com,1214888631,Juazeiro do Norte
Rochella,Knatt,rknattab@exblog.jp,5532545807,Anávra
Edita,Ferreira,eferreiraac@geocities.jp,6342403148,Mosteiro
Vilhelmina,Long,vlongad@google.fr,2774652013,Rongdoi
Elsworth,Barltrop,ebarltropae@google.ca,1928172848,Slantsy
Giorgi,Schonfeld,gschonfeldaf@ebay.co.uk,3721689975,Mafang
Emiline,Skeldinge,eskeldingeag@ning.com,5854492961,Ōmiya
Cullie,Vatcher,cvatcherah@hexun.com,3114820111,Abricots
Katheryn,Doumic,kdoumicai@cargocollective.com,3889203684,As Sab‘ Biyār
Marina,Spraggs,mspraggsaj@google.nl,5135101851,Jurak Lao’
Odilia,McIlvoray,omcilvorayak@goo.ne.jp,5659972127,Molave
Cori,Abrahams,cabrahamsal@mit.edu,1696385830,Uglich
Audrey,Brackstone,abrackstoneam@economist.com,4316489371,Embu
Lurette,Potten,lpottenan@delicious.com,6175784317,San Rafael
Shir,Thatcham,sthatchamao@so-net.ne.jp,4089306176,Shilu
Ezra,Trowler,etrowlerap@weibo.com,7531980027,Prao
Anton,Ruslinge,aruslingeaq@stanford.edu,6566421688,Klippan
Valdemar,O'Hickey,vohickeyar@github.com,6326730570,San Quintin
Alister,Northern,anorthernas@newyorker.com,6422527587,Zaliznychne
Cristal,Korejs,ckorejsat@go.com,8421017478,Vermil
Karry,Medgewick,kmedgewickau@tinypic.com,3501508067,Sadek
Virgina,Medway,vmedwayav@taobao.com,2801444037,Riolândia
Rik,Mallinson,rmallinsonaw@geocities.com,7016694778,Tabunok
Glenn,Corryer,gcorryerax@businessweek.com,8791923894,Jalal-Abad
Batsheva,Tropman,btropmanay@google.fr,9218761743,La Unión
Izaak,Worsnop,iworsnopaz@google.fr,8133025137,Rowokangkung
Karoly,Newcom,knewcomb0@hao123.com,2835659308,Long’anqiao
Maxwell,Reddecliffe,mreddecliffeb1@icq.com,2594461766,Huarong Chengguanzhen
Camille,Eke,cekeb2@mediafire.com,3971728446,San Isidro
Augie,Boath,aboathb3@hibu.com,2964395131,Baro Kunda
Noemi,Sabbins,nsabbinsb4@surveymonkey.com,2064000513,Milwaukee
Byrle,Kedward,bkedwardb5@epa.gov,1638387371,Divichibazar
Austine,Scotland,ascotlandb6@ucla.edu,5434738378,Bendo
Erny,Le Breton,elebretonb7@webs.com,3197285792,Carvalheira
Augustine,Konzel,akonzelb8@phoca.cz,4495218834,Kondoa
Shayla,Usmar,susmarb9@wikimedia.org,3166400183,Steinsel
Gabriela,Kaspar,gkasparba@theatlantic.com,1775175710,Xingou
Cathleen,Prinne,cprinnebb@unesco.org,8113354792,Karanganyar
Ashley,Geake,ageakebc@twitpic.com,2395670683,Malczyce
Shelley,Trowsdale,strowsdalebd@paginegialle.it,2849293173,Stari Bar
Linnell,Purdy,lpurdybe@instagram.com,5909295585,Thomassique
George,Crank,gcrankbf@etsy.com,2225029069,Vitim
Dante,Sheran,dsheranbg@google.com,4458295939,Dainan
Enoch,De Giovanni,edegiovannibh@cnbc.com,9978981467,Sekirnik
Pen,Cowdrey,pcowdreybi@answers.com,6853238678,Viterbo
Aeriell,Burthom,aburthombj@springer.com,5828260239,Priekulė
Cinnamon,Castledine,ccastledinebk@blogtalkradio.com,8617867344,Kirovgrad
Helge,Tunnoch,htunnochbl@disqus.com,8446501021,Lom Sak
Margie,Exell,mexellbm@ft.com,2206397946,Pinggan
Stacy,McCulley,smcculleybn@spiegel.de,9765966510,Chipyela
Eileen,Saldler,esaldlerbo@samsung.com,5608834691,Amaraji
Marylee,Apfelmann,mapfelmannbp@forbes.com,7811210010,Phanom Phrai
Harald,Crosoer,hcrosoerbq@uiuc.edu,2217822524,Ciomas
Glennie,Maunders,gmaundersbr@arizona.edu,6365055108,Duyun
Zea,Matusevich,zmatusevichbs@ox.ac.uk,5471177762,Aroeira
Berkie,Horribine,bhorribinebt@sphinn.com,1334625679,Kamwenge
Cherin,Andreu,candreubu@wp.com,6033934104,Tanjung Timur
Jeremie,Swadon,jswadonbv@plala.or.jp,8256967001,Al Mazzūnah
Thor,Huckabe,thuckabebw@wikispaces.com,7017470359,Nantes
Hilliary,De Few,hdefewbx@guardian.co.uk,7188979988,Trzcinica
Worthington,Sherwen,wsherwenby@constantcontact.com,4812043558,Stockholm
Dolley,Henriquet,dhenriquetbz@xinhuanet.com,1427202277,Okigwi
Harbert,Seabourne,hseabournec0@fc2.com,6637380974,Cowansville
Constantia,Fall,cfallc1@macromedia.com,5413878642,Viraco
Ryley,Haylands,rhaylandsc2@opera.com,9289351789,Trąbki
Lorenzo,Piscopello,lpiscopelloc3@networksolutions.com,2307814645,Saryaghash
Lucita,Duly,ldulyc4@paypal.com,8948130971,Basīrpur
Zita,Sweed,zsweedc5@apple.com,2134745504,Suicheng
Brannon,Berens,bberensc6@tmall.com,2054519389,Znomenka
Claudie,Swinden,cswindenc7@hostgator.com,9958349178,El Realejo
Lydon,Cobello,lcobelloc8@ftc.gov,5406280232,Klichaw
Fabe,Markie,fmarkiec9@php.net,3073682399,Pongkor
Raine,Pellamont,rpellamontca@dailymotion.com,7493160013,Senanga
Arthur,Nisard,anisardcb@toplist.cz,5501763849,Sidokumpul
Joeann,Sorton,jsortoncc@unblog.fr,5799750172,El Kef
Nikos,Kalf,nkalfcd@acquirethisname.com,9601331446,Nam Som
Quill,Beckhurst,qbeckhurstce@usda.gov,5665840814,Nuuk
Heall,Jardein,hjardeincf@sciencedirect.com,1767022635,Synevyr
Haley,Crayke,hcraykecg@imageshack.us,7203198503,Lamovita
Siouxie,Gatchell,sgatchellch@friendfeed.com,4804973507,Cama Juan
Ginevra,Cornock,gcornockci@nih.gov,6832984034,Koch'ang
Kelsey,Sabater,ksabatercj@surveymonkey.com,1966996444,Soufrière
Sheppard,Flacknoe,sflacknoeck@oakley.com,1939256992,Magallon Cadre
Stacee,Janney,sjanneycl@cam.ac.uk,9822957825,Tambalisa
Adolphe,Soal,asoalcm@tuttocitta.it,5177693720,Akita Shi
Meredith,Rableau,mrableaucn@yahoo.co.jp,3489769141,Kangalassy
Antonella,Hackney,ahackneyco@purevolume.com,1399300466,Libao
Levy,D'Oyley,ldoyleycp@github.io,9522322844,Young America
Aurelie,Itzakovitz,aitzakovitzcq@auda.org.au,5838900918,Komsomolets
Gigi,Tildesley,gtildesleycr@dropbox.com,9283855071,Binhe
Ivy,Jellybrand,ijellybrandcs@over-blog.com,8675842303,Pulorejo
Joanie,Ziem,jziemct@dailymail.co.uk,3281180883,Tutut
Isobel,Munkley,imunkleycu@php.net,9207656622,Dayr as Sūdān
Annora,Pescod,apescodcv@tmall.com,2821826360,Port Loko
Nerte,Janda,njandacw@pen.io,8162054792,Cagnes-sur-Mer
Rozanna,Gaymer,rgaymercx@canalblog.com,4585536113,Azul
Micaela,Leban,mlebancy@sciencedirect.com,7951180350,Kristiansand S
Dyann,Chillingworth,dchillingworthcz@hao123.com,4922882658,Gävle
Ralina,Bergin,rbergind0@fc2.com,3329705771,Värmdö
Pamela,Twyning,ptwyningd1@theglobeandmail.com,3193305838,Yushikalasu
Dede,Ruprich,druprichd2@instagram.com,4424956071,Owen Sound
Michaela,Davidou,mdavidoud3@hhs.gov,4871652473,Kombapari
Lorilyn,Vasilmanov,lvasilmanovd4@deliciousdays.com,4391448451,Ratenggoji
Clevey,Eary,cearyd5@ted.com,5129287338,Las Varas
Welbie,Le Strange,wlestranged6@vk.com,6754290541,Bicaj
Shaine,Widdop,swiddopd7@bloomberg.com,1298877909,Havlíčkův Brod
Jeramie,Nassey,jnasseyd8@imageshack.us,8737037809,Tanjiaqiao
Maribelle,Chomicz,mchomiczd9@blogs.com,3529372738,Luti
Celinda,Alldritt,calldrittda@whitehouse.gov,8861540726,Ijuí
Justine,Cano,jcanodb@bravesites.com,3746273895,Pombal
Maris,Pulford,mpulforddc@domainmarket.com,8044709731,Mertani
Luce,Sporner,lspornerdd@mozilla.org,3651951144,Velké Svatoňovice
Julie,Noble,jnoblede@taobao.com,1462862272,Unión de Reyes
Fernandina,Annatt,fannattdf@answers.com,7181670782,New York City
Rick,Tuckley,rtuckleydg@skyrock.com,7436402075,Benito Juarez
Georgine,Thiem,gthiemdh@wordpress.com,9068263394,Yilan
Dorette,McDill,dmcdilldi@dell.com,8857491638,Rifeng
Roley,Spiring,rspiringdj@newyorker.com,1384432562,Lérida
Avie,Lambdin,alambdindk@google.com,8912972444,Brumado
Gareth,Ruoff,gruoffdl@exblog.jp,7134871571,Mingoyo
Jarrid,Pink,jpinkdm@i2i.jp,9022779474,Hennenman
Harland,Simester,hsimesterdn@accuweather.com,3567752062,Suchy Las
Leslie,Dickens,ldickensdo@gmpg.org,4332545031,Priargunsk
Caz,Murford,cmurforddp@wikia.com,2033083384,Pingyang
Reginauld,Gotfrey,rgotfreydq@vkontakte.ru,5212113738,Garko
Waverley,Cordy,wcordydr@wikia.com,6589224362,Nanterre
Nonie,Stivers,nstiversds@google.pl,9308329614,Santo Domingo
Mireielle,Wagstaff,mwagstaffdt@reference.com,5261556762,Angra do Heroísmo
Brigid,Kemetz,bkemetzdu@reuters.com,3725287217,Nampicuan
Ava,Bilovus,abilovusdv@answers.com,7464812397,La Libertad
Silvana,De Ferraris,sdeferrarisdw@microsoft.com,6065719662,Huangli
Barbra,Tew,btewdx@bizjournals.com,8942770264,Wilfrido Loor Moreira
Dixie,Ovanesian,dovanesiandy@youku.com,5887587765,Kingston
Viva,Legging,vleggingdz@netscape.com,3701952136,Portumna
Andre,Bassford,abassforde0@cam.ac.uk,7006843464,Huanggang
Randal,Snawdon,rsnawdone1@shareasale.com,3688119215,Burgkirchen
Byrom,McBratney,bmcbratneye2@earthlink.net,3056341884,Polen
Cayla,Charrett,ccharrette3@infoseek.co.jp,8139831173,Ústí nad Labem
Reinhard,Reolfo,rreolfoe4@ovh.net,3247641027,Igarapé Miri
Iormina,Skae,iskaee5@elegantthemes.com,7861082702,Miami
Annaliese,Duchart,aducharte6@stumbleupon.com,4627502252,Chynadiyovo
Walker,Beckenham,wbeckenhame7@nhs.uk,7136985917,Manzanillo
Tressa,Ephson,tephsone8@cbslocal.com,3422072564,Lemahputih
Reinold,Collomosse,rcollomossee9@bbb.org,1389949337,Taouloukoult
Jaye,Honywill,jhonywillea@a8.net,8298932519,Las Sabanas
Antony,Hollyar,ahollyareb@cornell.edu,5476345726,Olsztynek
Pammi,Coleborn,pcolebornec@oaic.gov.au,1834038587,Roi Et
Frannie,Pirnie,fpirnieed@archive.org,5367944753,Cujillo
Haywood,Pethrick,hpethrickee@google.com.au,5161627876,Caqu
Abner,Worgen,aworgenef@berkeley.edu,9098076070,Złotów
Laurene,Hebblewaite,lhebblewaiteeg@newyorker.com,3457580119,Lagoa Seca
Juli,Brunini,jbruninieh@phpbb.com,1138212673,Tapado
Fawnia,Snodin,fsnodinei@google.nl,9057234446,Havířov
Ealasaid,Wheadon,ewheadonej@nsw.gov.au,8078940377,Xingtan
Engelbert,Mealham,emealhamek@imgur.com,3389671332,Sanhe
Marie,Rycraft,mrycraftel@yandex.ru,3028995290,Mopipi
Andree,Kynnd,akynndem@cbc.ca,1299532394,Guali
Bernadine,Rebert,breberten@lycos.com,4534411599,Shaxi
Georgena,Siburn,gsiburneo@geocities.jp,1359652682,Weishan
Happy,Eplett,heplettep@mac.com,1035644291,Thessalon
Gunther,Georgelin,ggeorgelineq@amazonaws.com,4893630174,‘Aşīrah al Qiblīyah
Farrand,Khomich,fkhomicher@samsung.com,3295709231,Tanamiting
Keefer,Deshon,kdeshones@dell.com,1074989904,Fuhai
Waylan,Shevlane,wshevlaneet@dailymail.co.uk,5366547891,Phu Phiang
Giffie,Skippon,gskipponeu@japanpost.jp,8816717131,Sinop
Benyamin,Stonebridge,bstonebridgeev@blogspot.com,8962654580,Isiro
Aidan,Sahlstrom,asahlstromew@google.ca,9893542667,Vikbolandet
Matthiew,Tosspell,mtosspellex@amazon.com,4908060770,Nowe Brzesko
Claudius,Burnsell,cburnselley@amazonaws.com,7408730657,Tonosí
Kizzie,McLafferty,kmclaffertyez@answers.com,3865916985,Bayt ‘Īnūn
Addy,Duddin,aduddinf0@businessweek.com,7477001307,San Antonio
Rozamond,Catto,rcattof1@4shared.com,8653258727,Gampingan
Callean,Grumble,cgrumblef2@alexa.com,4051122075,Panino
Alejandrina,Duckit,aduckitf3@shinystat.com,4219523937,Karanganyarkrajan
Cory,Roubeix,croubeixf4@lycos.com,6076427083,Leńcze
Evvy,Redbourn,eredbournf5@nyu.edu,5265652249,Alejandro Roca
Kally,Stang-Gjertsen,kstanggjertsenf6@123-reg.co.uk,5343152000,Kastornoye
Cosetta,Cragoe,ccragoef7@cargocollective.com,1378434998,Kumanovo
Clerissa,Muzzillo,cmuzzillof8@drupal.org,6975355715,Saint-Maurice
Di,Organer,dorganerf9@blogger.com,3069588898,Sirājganj
Puff,Humbey,phumbeyfa@jiathis.com,7922926919,La Maná
Trey,Sybe,tsybefb@tinyurl.com,9921858101,Arkhaía Kórinthos
Chiquia,Giacomoni,cgiacomonifc@wiley.com,7888377689,Graksop
Edgard,Freyn,efreynfd@sakura.ne.jp,9522239020,Sentani
Shaughn,Desmond,sdesmondfe@latimes.com,2185860351,Muchkapskiy
Barnard,Benedicto,bbenedictoff@businessinsider.com,4273325250,La Poma
Ewen,Costin,ecostinfg@acquirethisname.com,9303274357,Xinhua
Maddalena,Purveys,mpurveysfh@baidu.com,6113023590,Hongyi
Sheppard,Kleiner,skleinerfi@smugmug.com,6697535367,Shihua
Moyra,Birdwhistle,mbirdwhistlefj@mozilla.org,8634948071,Denpasar
Cris,Aggott,caggottfk@booking.com,2165748905,Longotea
Diannne,Hurry,dhurryfl@cisco.com,5659193320,Mastung
Wallis,Nicholl,wnichollfm@slashdot.org,2174593944,Shencun
Sandy,Chatelain,schatelainfn@dot.gov,2772263919,Shuanghe
Ly,Enrique,lenriquefo@goo.ne.jp,4028145035,Moengo
Lorraine,Dulson,ldulsonfp@shutterfly.com,7343628274,Szlachta
Abby,Pickles,apicklesfq@bravesites.com,2285354149,Watulabara
Therese,Standeven,tstandevenfr@mashable.com,3139548641,Oberá
Lyn,Kinneir,lkinneirfs@blogger.com,6696091789,København
Carlyle,Shmyr,cshmyrft@geocities.jp,6718401388,Göteborg
Gregor,Freckleton,gfreckletonfu@list-manage.com,3889776734,Duanjia
Tedi,Presswell,tpresswellfv@de.vu,1648536521,Tyrnyauz
Thomas,Scraggs,tscraggsfw@free.fr,3973907407,Arroyo Salado
Ferne,Doge,fdogefx@csmonitor.com,1497945692,Pangnirtung
Nefen,De Blasio,ndeblasiofy@msu.edu,6299997147,Magdalena
Moria,Marchbank,mmarchbankfz@imageshack.us,9046565495,Wushishi
Vale,Heinig,vheinigg0@squidoo.com,3989127390,Hexi
Sibyl,Attersoll,sattersollg1@usa.gov,7025587072,Capioví
Hannah,Lorenz,hlorenzg2@hp.com,9108628841,Banjar Ponggang
Stu,Cashell,scashellg3@lulu.com,6556893596,Mojkovac
Clo,Plumm,cplummg4@purevolume.com,2585548912,Sinamaica
Nancee,Savory,nsavoryg5@ft.com,4407990066,Jiangxigou
Efren,Bratchell,ebratchellg6@comcast.net,2757584333,Khulo
Sybila,Pauly,spaulyg7@tumblr.com,9516598732,Kolomak
Gaspard,Gilstin,ggilsting8@sciencedaily.com,2131343320,Horad Pinsk
Lurline,Bewick,lbewickg9@xinhuanet.com,2036311245,San Felipe
Jess,Crowley,jcrowleyga@boston.com,3551006147,Lillers
Zollie,Ambrodi,zambrodigb@dropbox.com,2528253222,Tegalrejo
Gleda,Gonzalo,ggonzalogc@ucla.edu,7911880285,Bamban
Lorelle,Ferencowicz,lferencowiczgd@mit.edu,1688130998,Druzhny
Avigdor,Peiro,apeiroge@liveinternet.ru,6934536713,Monte Aprazível
Whitney,Chadburn,wchadburngf@miibeian.gov.cn,8836934465,McKinley
Evangelina,Caseley,ecaseleygg@admin.ch,7878532619,Cabatuan
Hulda,Iacobini,hiacobinigh@google.co.uk,9128455740,Cawayan Bugtong
Manya,Hattrick,mhattrickgi@seesaa.net,2029887771,Mizhou
Trescha,Cantu,tcantugj@is.gd,9569490058,Sionogan
Donny,Grundle,dgrundlegk@independent.co.uk,5902526475,Hugang
Delainey,Castaneda,dcastanedagl@zimbio.com,3681886301,Stoszowice
Addi,Creboe,acreboegm@chron.com,3661333213,Gesikan
Hilarius,Persent,hpersentgn@ezinearticles.com,3551971222,Watuweri
Olivero,Hincham,ohinchamgo@opera.com,3149685268,Donggou
Johnna,Danielou,jdanielougp@intel.com,2573269950,Montbéliard
Loleta,Tipper,ltippergq@usa.gov,7467114743,Herval
Vanda,Ansett,vansettgr@smh.com.au,3365600436,Shun’ga
Georgi,Capelen,gcapelengs@icio.us,5779470487,El Suyatal
Nonnah,Thorington,nthoringtongt@reference.com,6879216064,Winseler
Andreas,Ragot,aragotgu@disqus.com,4775524010,Sykiés
Heda,Saggers,hsaggersgv@techcrunch.com,2161988797,Tha Bo
Dominick,Phuprate,dphuprategw@independent.co.uk,6524294437,Saint-Gaudens
Teresa,Linder,tlindergx@statcounter.com,9065985673,Mekarjaya
Lindon,Seadon,lseadongy@slate.com,4953017031,Colón
Olive,Hartfield,ohartfieldgz@quantcast.com,8416680412,Pajeksan
Vernen,Willis,vwillish0@umich.edu,8046231189,Campo
Ebenezer,Munkton,emunktonh1@howstuffworks.com,2068358646,Água Preta
Vlad,Lovel,vlovelh2@hatena.ne.jp,3694111656,Fès
Mufinella,Sinderson,msindersonh3@hatena.ne.jp,1666857389,Şafwá
Sibeal,Studdert,sstudderth4@webmd.com,4827238662,Lysyanka
Anatollo,Dudman,adudmanh5@topsy.com,2872513613,Reni
Emilio,Sturm,esturmh6@furl.net,1971258049,Xigangzi
Der,Attride,dattrideh7@google.pl,8662749423,Guimbal
Ernestus,Bathersby,ebathersbyh8@clickbank.net,7084202589,Awsīm
Adele,Bordes,abordesh9@va.gov,2302507241,Jiepai
Sophey,Lobell,slobellha@ocn.ne.jp,7047280834,Fundão
Gennifer,Knocker,gknockerhb@japanpost.jp,7172260967,Cotovia
Perri,Klaiser,pklaiserhc@nifty.com,5385427241,Labé
Eleanore,Dripp,edripphd@usda.gov,5772983286,Koror Town
Matthieu,Browell,mbrowellhe@yandex.ru,7192219859,As Saddah
Devy,Fitt,dfitthf@freewebs.com,6385125665,Płońsk
Hubey,McNess,hmcnesshg@telegraph.co.uk,8783390487,Maroanging
Horatius,Cogger,hcoggerhh@nytimes.com,9756179539,Las Sabanas
Tracie,Janny,tjannyhi@acquirethisname.com,4987258301,Shchelkovo
Melva,Yitshak,myitshakhj@g.co,2005741585,Little Baguio
Dre,Regler,dreglerhk@indiatimes.com,1834322897,Fuyu
Honey,Greatreax,hgreatreaxhl@google.cn,3197556896,Huzhuang
Rycca,Milward,rmilwardhm@tmall.com,8004354531,Qilong
Lurlene,Norssister,lnorssisterhn@irs.gov,2145215125,Khuan Don
Odella,Levin,olevinho@woothemes.com,5952211350,Prroshyan
Nina,Bromehead,nbromeheadhp@boston.com,1785974280,Suwalan
Humberto,Aphale,haphalehq@latimes.com,7321172756,Donglai
Jacquelyn,Greenham,jgreenhamhr@bandcamp.com,6363424029,El Limon
Palm,McKibbin,pmckibbinhs@meetup.com,7978564634,Pasatan
Werner,Ickovitz,wickovitzht@miibeian.gov.cn,2025854055,Washington
Chrissie,Fraser,cfraserhu@acquirethisname.com,5469712668,Narutochō-mitsuishi
Jay,Pawlett,jpawletthv@mtv.com,3585403354,Xianren
Dell,Waddilove,dwaddilovehw@wikispaces.com,5352411387,Spasskoye
Mil,Lugard,mlugardhx@topsy.com,3696857156,Tucheng
Jarvis,Spellard,jspellardhy@arizona.edu,1823746628,Ḩabīl ar Raydah
Bree,Breacher,bbreacherhz@eventbrite.com,8212174185,Shnogh
Dinny,Bamber,dbamberi0@prnewswire.com,3261820903,Niandui
Alick,Facchini,afacchinii1@xinhuanet.com,7511557574,Mont-Dore
Talia,Wilsee,twilseei2@icio.us,7499046623,Bogovinje
Scarface,Gino,sginoi3@marriott.com,4224389525,Rokoy
Kevin,Folkard,kfolkardi4@nymag.com,2463807343,Spodnja Hajdina
Benton,Sorel,bsoreli5@seattletimes.com,6726959853,General Pico
Bevin,Poundsford,bpoundsfordi6@amazon.com,9599931669,Huozhuangzi
Glory,Tidbald,gtidbaldi7@forbes.com,5222576162,Saint-Flour
Melisandra,Ranscome,mranscomei8@ucsd.edu,5074413652,La Virgen
Vidovik,Van Zon,vvanzoni9@geocities.com,4804526815,Yenagoa
Carlye,Kerrod,ckerrodia@instagram.com,3422852702,Cogtong
Lyda,Leftly,lleftlyib@xinhuanet.com,6334615748,Ciudad Choluteca
Garvey,Bryceson,gbrycesonic@apache.org,5083572889,Longford
Vanya,Pennone,vpennoneid@independent.co.uk,9472576742,Miguel Pereira
Ilka,Wait,iwaitie@biblegateway.com,1262022198,Nazareth
Larissa,Vials,lvialsif@si.edu,7494754446,Yangfeng
Dorolisa,Eberlein,deberleinig@youtu.be,2116160570,Ciwaru
Pansie,Abdy,pabdyih@va.gov,5236304502,Khirbat Tīn Nūr
Allayne,Pascow,apascowii@tamu.edu,6402845813,Nebug
Cassaundra,Wortt,cworttij@tuttocitta.it,3554671635,Taojiahe
Clare,Clinkard,cclinkardik@bandcamp.com,6709757266,James Craik
Sebastian,Briddle,sbriddleil@japanpost.jp,6901570672,Vilar do Pinheiro
Philip,Siveter,psiveterim@feedburner.com,9784607088,Regente Feijó
Yoshiko,Batisse,ybatissein@bbc.co.uk,5627039733,Los Angeles
Huberto,Farlambe,hfarlambeio@intel.com,8323367358,Ludwigshafen am Rhein
Ichabod,Goad,igoadip@macromedia.com,3187165038,Wuqu
Angelina,Lunn,alunniq@odnoklassniki.ru,9624206479,Calilegua
Abdul,Fasler,afaslerir@zimbio.com,6232946600,Dushanbe
Harv,Buggs,hbuggsis@wikimedia.org,9099039821,Hengjiang
Alli,Gallear,agallearit@indiatimes.com,5843273869,Dadianzi
Niles,Wolledge,nwolledgeiu@ox.ac.uk,6731723164,Cavan
Eduardo,Laws,elawsiv@mozilla.org,5859509198,Bern
Cyndia,Leftbridge,cleftbridgeiw@cyberchimps.com,9015414857,Ouro Branco
Sonnie,Thirtle,sthirtleix@cargocollective.com,5359999406,Babakan Baru
Giacobo,Skirling,gskirlingiy@nps.gov,3357548129,San Marcos
Shoshanna,Madgewick,smadgewickiz@illinois.edu,6886482621,Quixadá
Garreth,Byrth,gbyrthj0@weebly.com,7177314610,Valbonë
Adela,Cabrer,acabrerj1@indiatimes.com,7254160568,San Francisco
Ernaline,Pobjay,epobjayj2@unblog.fr,2551676474,Angoulême
Frankie,Alker,falkerj3@prweb.com,5636361005,Vanves
Ralf,Lyness,rlynessj4@loc.gov,8078945924,Calizo
Allx,Giblin,agiblinj5@rambler.ru,6295109077,Si Narong
Michaella,Gunny,mgunnyj6@mlb.com,1081515145,Almolonga
Kenna,Lille,klillej7@angelfire.com,2305652325,Karangsuko
Ernaline,Paintain,epaintainj8@ow.ly,8129376577,Baihe
Stacey,Benham,sbenhamj9@lycos.com,8334844992,Loukísia
Andre,Monks,amonksja@bluehost.com,6519968793,Minneapolis
Stu,Lindores,slindoresjb@bizjournals.com,4744762840,Bibinje
Bond,Stops,bstopsjc@businessweek.com,7356132915,Lame
Cammie,Hallitt,challittjd@wikispaces.com,3168651991,Wichita
Yves,Castenda,ycastendaje@bizjournals.com,5741692676,Mugi
Sylvia,Ovill,sovilljf@wiley.com,3254264252,Villa Paula de Sarmiento
Bert,Delue,bdeluejg@mediafire.com,1043417349,Severomorsk
Katherine,Iacobetto,kiacobettojh@goo.ne.jp,3129545867,Floreşti
Clemens,McAndrew,cmcandrewji@feedburner.com,1662016332,Góis
Fergus,Hubbard,fhubbardjj@dropbox.com,7399479314,Nîmes
Cyndie,Beche,cbechejk@ezinearticles.com,4846486152,Pyongyang
Rafa,Cairney,rcairneyjl@com.com,3936404703,Huangshui
Bailey,Whyte,bwhytejm@cafepress.com,7778646609,Mulyadadi
Ronica,Dikels,rdikelsjn@usa.gov,1801292328,Bergen
Ronnie,Crighten,rcrightenjo@tinyurl.com,6015938917,Jackson
Mavra,Cradey,mcradeyjp@spotify.com,2354462686,Nurabelen
Calhoun,Moran,cmoranjq@miibeian.gov.cn,4925776948,Puerto Iguazú
Eveline,Stable,establejr@yolasite.com,2042919617,Gort
Leoline,Derkes,lderkesjs@com.com,6134327341,Namīn
Bear,Krates,bkratesjt@is.gd,6363394514,Orsk
Laurel,Petera,lpeteraju@tripadvisor.com,6096533036,Cagliari
Alvira,Fausset,afaussetjv@youtu.be,3171893805,Registro
Baryram,O'Currine,bocurrinejw@wikia.com,2274947451,Yueshan
Beverly,Mulran,bmulranjx@techcrunch.com,3371165858,Steinkjer
Chicky,Ludwikiewicz,cludwikiewiczjy@spiegel.de,5564402546,Estreito
Orly,Langlois,olangloisjz@zdnet.com,9595513299,Krasnaya Polyana
Hieronymus,Rapi,hrapik0@disqus.com,9014655359,Kalí Vrýsi
Leonard,Ferraresi,lferraresik1@google.ca,4507056757,Kanbula
Gaspar,Fawdry,gfawdryk2@flickr.com,1266627084,San Juan
Katee,Robbe,krobbek3@flickr.com,6215592914,Banjar Sembunggede
Calypso,Trytsman,ctrytsmank4@guardian.co.uk,1247232762,Haliut
Griffy,Heaney,gheaneyk5@arizona.edu,4085944745,San Jose
Elly,Morl,emorlk6@webs.com,5046238467,Clichy
Sarena,Clayborn,sclaybornk7@gizmodo.com,1722359435,Lutowiska
Darlene,Jerke,djerkek8@dion.ne.jp,6359163648,Jorong
Wandis,Beedom,wbeedomk9@omniture.com,4598144471,Ivanovo-Alekseyevka
Roxanne,Pepperill,rpepperillka@cocolog-nifty.com,4841794233,Muyi
Blane,Tilzey,btilzeykb@artisteer.com,5881511501,Parral
Nikola,Molyneaux,nmolyneauxkc@ebay.com,9119068342,Cergy-Pontoise
Carolynn,Thickpenny,cthickpennykd@pinterest.com,8605336452,Marseille
Padgett,Chandler,pchandlerke@youku.com,5102665911,Hanshou
Sandy,Hinge,shingekf@slate.com,8797488144,Nesterovskaya
Kerwinn,Gasnoll,kgasnollkg@posterous.com,7499567284,Opatówek
Delora,Michelet,dmicheletkh@privacy.gov.au,2227895206,Lorut
Katerina,Riggott,kriggottki@usnews.com,9726816880,Savalou
Leela,Dusting,ldustingkj@bbc.co.uk,2682351237,Zea
Trescha,Fullylove,tfullylovekk@bluehost.com,8789006964,Azurva
Tomasina,Winscum,twinscumkl@arstechnica.com,3867310044,Zhanjia
Kathrine,Light,klightkm@cafepress.com,3278429933,Liješnica
Craggie,Enderwick,cenderwickkn@wix.com,7195193257,Novopodrezkovo
Bertha,Hubbuck,bhubbuckko@amazonaws.com,4577412829,Kokop
Robinetta,Buzek,rbuzekkp@npr.org,2923799975,Tuanai
Emilio,Brasse,ebrassekq@ameblo.jp,9543537906,Horní Jelení
Windham,McTear,wmctearkr@google.fr,1635508402,Payabon
Jodi,Babin,jbabinks@marriott.com,3436983152,Lešná
Veronica,Elphee,velpheekt@dyndns.org,6998269458,Genteng
Phip,Wegman,pwegmanku@nymag.com,7998964367,Boji
Selestina,Leith-Harvey,sleithharveykv@pagesperso-orange.fr,9367059991,San Martín de los Andes
Leontine,Avrahamof,lavrahamofkw@163.com,3622837754,Dubu
Vicky,Shipley,vshipleykx@zimbio.com,3747320386,San Sebastian
Agosto,Gronaver,agronaverky@rakuten.co.jp,7829406555,Mojoagung
Arlie,Pain,apainkz@blogspot.com,6223511807,Xiangshan
Sara-ann,Tallquist,stallquistl0@discuz.net,8368045869,Jia’an
Ardra,Bellson,abellsonl1@devhub.com,7859867661,Vidago
Yvor,Stinchcombe,ystinchcombel2@ed.gov,5881656861,Pukë
Kellby,Simonato,ksimonatol3@barnesandnoble.com,9812288141,Nusajaya
Aretha,Jaegar,ajaegarl4@slate.com,5443057942,Gangkou
Say,Cousen,scousenl5@bloomberg.com,2459515286,Timba Lauk
Craggy,Massingham,cmassinghaml6@drupal.org,4106935693,Sanguansi
Mersey,Deerr,mdeerrl7@technorati.com,1265557399,Shardara
Erick,Farryan,efarryanl8@msu.edu,4568500262,Ventspils
Hephzibah,Vandrill,hvandrilll9@washingtonpost.com,2065547249,Ciketak
Griffie,Duesberry,gduesberryla@histats.com,6458326556,Meylan
Homerus,Renton,hrentonlb@nydailynews.com,5085481231,Qal‘at Bīshah
Roderick,Cardoe,rcardoelc@fotki.com,7146951135,Meukek
Beverly,Brambill,bbrambillld@123-reg.co.uk,1292240067,Kuala Terengganu
Mandie,Iacopo,miacopole@soup.io,7251068759,Fushan
Ford,Peel,fpeellf@rakuten.co.jp,4414781198,Paruro
Glynda,Lawton,glawtonlg@nyu.edu,5209923629,Tucson
Tasha,Leopard,tleopardlh@multiply.com,5463694092,Palhoça
Rosita,Lanceley,rlanceleyli@wufoo.com,2397370852,Naples
Arlie,Kildahl,akildahllj@biglobe.ne.jp,2073728405,Kangaslampi
Noak,Gregoire,ngregoirelk@free.fr,3762541783,Kołbaskowo
Codie,Eckart,ceckartll@discovery.com,5535047311,Bao’an
Gaspard,Allwood,gallwoodlm@mozilla.com,7398607324,Núi Sập
Sarina,Ganning,sganningln@slashdot.org,2304398222,Kašperské Hory
Gwenny,Clack,gclacklo@google.co.uk,1797940512,Ōkuchi
Winifield,Antosch,wantoschlp@auda.org.au,7767556846,Virojoki
Asia,Finey,afineylq@google.fr,8891731277,Nynäshamn
Rusty,Cuttles,rcuttleslr@lulu.com,3922400705,Turku
Happy,Guerra,hguerrals@washington.edu,5647183026,Ossora
Mia,Basham,mbashamlt@aboutads.info,1637009955,Bonak
Lisetta,Paulo,lpaulolu@state.tx.us,7602317247,Donim
Moyra,Teliga,mteligalv@scribd.com,8413446035,Villejuif
Faye,MacCart,fmaccartlw@fc2.com,1651799350,Svenljunga
Kelsey,McFadyen,kmcfadyenlx@delicious.com,8017972703,Dushang
Hart,Swinnerton,hswinnertonly@usnews.com,5367977939,Fernández
Corry,Antonoyev,cantonoyevlz@bandcamp.com,8817790950,Kintinku
Dukey,Fiorentino,dfiorentinom0@gov.uk,7192082075,Dabola
Deena,Grimwood,dgrimwoodm1@sbwire.com,3767844628,Bagay
Lanna,Sandham,lsandhamm2@hc360.com,4943475214,Cubatão
Judy,O'Rudden,joruddenm3@earthlink.net,6707086701,Bragança Paulista
Yalonda,Fores,yforesm4@latimes.com,1892381656,Carusucan
Kaine,Gumly,kgumlym5@tamu.edu,1733150882,Belén de Umbría
Erika,Spileman,espilemanm6@creativecommons.org,8129273513,Kuala Terengganu
Kanya,Gaymer,kgaymerm7@google.com.hk,9602091016,Henggang
Rosamond,Demer,rdemerm8@arizona.edu,9034539712,Cinyasag
Quentin,McGilbon,qmcgilbonm9@timesonline.co.uk,2503204455,Ampara
Rebecca,Tattersfield,rtattersfieldma@ted.com,4383679775,Ōno-hara
Jasmina,O'Reilly,joreillymb@tuttocitta.it,8801032657,Pregonero
Stanislaus,Tarbatt,starbattmc@bbc.co.uk,3659597101,Sedatiagung
Wylma,Jeans,wjeansmd@google.com,7477384390,Damanhūr
Franciska,Flipek,fflipekme@people.com.cn,1521623338,Odienné
Delores,Broomer,dbroomermf@reddit.com,9049121608,Wewit
Christoffer,Algate,calgatemg@arizona.edu,2244480256,Zhukovo
Sianna,Jamary,sjamarymh@ycombinator.com,5434878781,Knyaze-Volkonskoye
Junia,Huot,jhuotmi@go.com,9285515450,Shangyang
Darby,Sargant,dsargantmj@ning.com,2322913047,El Porvenir
Mahalia,Foxworthy,mfoxworthymk@tinypic.com,1039418068,Kuivaniemi
Brandyn,Ibert,bibertml@macromedia.com,8449407955,Ambohitseheno
Glory,Warrior,gwarriormm@printfriendly.com,7704835832,Annau
Adelheid,Mansour,amansourmn@twitpic.com,9458343423,Wleń
Cassandra,Redmore,credmoremo@lulu.com,9155765919,Jianyi
Laurene,Fullick,lfullickmp@scribd.com,3628600525,Granica
Clement,Spowart,cspowartmq@pinterest.com,8925609232,Nowy Duninów
Flynn,Shee,fsheemr@nsw.gov.au,4969237605,Nagasaki-shi
Raina,Helliker,rhellikerms@comcast.net,4275186352,Deh-e Now
Missy,McGlaud,mmcglaudmt@creativecommons.org,8805899018,Igrejinha
Shaylyn,Itzkovitch,sitzkovitchmu@edublogs.org,9057336935,Iroquois Falls
Brigham,Robroe,brobroemv@joomla.org,3228638557,Saint-Quentin
Elfrieda,Fielden,efieldenmw@artisteer.com,5226994361,Ouro Branco
Thadeus,Marian,tmarianmx@mac.com,7008236056,Pimentel
Amabel,Tichner,atichnermy@clickbank.net,8831440167,Biltine
Scott,Rowe,srowemz@smugmug.com,5963183917,Santo Adrião Vizela
Guenevere,Greenhow,ggreenhown0@uol.com.br,7687414393,Ramaram
Ario,Romanet,aromanetn1@alexa.com,6718476070,Hagfors
Rey,Avramovitz,ravramovitzn2@biblegateway.com,8099443295,Bjuv
Susana,Tregent,stregentn3@china.com.cn,3993284310,Dungang
Roberta,O'Halloran,rohallorann4@buzzfeed.com,7359759147,Motygino
Cobbie,Messenger,cmessengern5@archive.org,7136359601,Santa Eulalia
Paule,Feron,pferonn6@wikimedia.org,9525833148,Cheremnoye
Ola,Ashmole,oashmolen7@elegantthemes.com,3377715961,Kaliuling
Tierney,Dunning,tdunningn8@123-reg.co.uk,8165269750,Ilha Solteira
Hilton,Swoffer,hswoffern9@hexun.com,3389153285,Monastyrishche
Frannie,Bohike,fbohikena@plala.or.jp,6122730669,Mohelnice
Hedvig,Newburn,hnewburnnb@merriam-webster.com,3873171764,Farsta
Corina,Brazur,cbrazurnc@ning.com,4588395602,Sundre
Melba,Gradley,mgradleynd@topsy.com,8773784821,Hauhena
Pippa,Brammer,pbrammerne@webmd.com,7693363665,Zhongbao
Andrea,Kurtis,akurtisnf@nytimes.com,9964951693,Xinji
Matias,De Bruijn,mdebruijnng@geocities.jp,6724163813,Nay Pyi Taw
Bryanty,Barcroft,bbarcroftnh@ask.com,9901128934,Turgenevo
Dyanne,Severn,dsevernni@about.me,9149402055,Sypniewo
Kathe,Hubbocks,khubbocksnj@washingtonpost.com,3397118825,Chaumont
Jedidiah,Lyddiard,jlyddiardnk@tumblr.com,5899572148,Saguing
Greer,Fillis,gfillisnl@chicagotribune.com,4267225316,Paseh
Jodie,Scholcroft,jscholcroftnm@soup.io,8965612808,Roches Noire
Talbot,Clacson,tclacsonnn@mit.edu,8718735661,Alicante/Alacant
Engelbert,Loosely,elooselyno@mysql.com,9848489120,Zango
Jaymee,Goshawke,jgoshawkenp@wordpress.org,5847402467,Cerrito
Shandeigh,Philot,sphilotnq@squidoo.com,1803733571,Ikšķile
Diandra,Angelo,dangelonr@slashdot.org,3594118644,Nerópolis
Gladys,Lehemann,glehemannns@jalbum.net,8043432296,Libon
Virgil,Baynes,vbaynesnt@stanford.edu,5967519487,Kamaris
Ned,Johncey,njohnceynu@europa.eu,6595893868,Tarangnan
Gaile,Rumke,grumkenv@prnewswire.com,6747040786,Żernica
Fredi,Petr,fpetrnw@dyndns.org,8387715478,Aga
Liva,Winram,lwinramnx@taobao.com,3009433082,Nova Venécia
Emalia,Conyer,econyerny@accuweather.com,6924880971,Tul’chyn
Prudi,Vignal,pvignalnz@indiatimes.com,1291148330,Freguesia do Ribeirao da Ilha
Lalo,Hearl,lhearlo0@shinystat.com,7224992411,Ḩabbān
Dur,Arnefield,darnefieldo1@discovery.com,6355824870,Shunyi
Miles,Everley,meverleyo2@wordpress.com,5812813167,Baoquan
Prudence,Anthoine,panthoineo3@seattletimes.com,9097432514,Nol
Ethelyn,Pring,epringo4@gov.uk,1447639213,Gar
Cal,Alelsandrovich,calelsandrovicho5@si.edu,5036210790,Al Matlīn
Fred,Raden,fradeno6@wisc.edu,1102660898,Chơn Thành
Cchaddie,Furby,cfurbyo7@japanpost.jp,4462435034,Dueñas
Cami,Simonetto,csimonettoo8@cnbc.com,3156383075,Lyon
Rita,Groneway,rgronewayo9@marketwatch.com,5956662893,Nalinggou
Uri,Shenley,ushenleyoa@com.com,8828179326,Lavradio
Justin,Cowlas,jcowlasob@wiley.com,5401710899,Erada
Warner,Dunkerton,wdunkertonoc@census.gov,6734839007,Gualeguay
Jobye,Gitting,jgittingod@discovery.com,7793125790,Oxbow
Lincoln,Bankes,lbankesoe@drupal.org,1945256459,Şabbūrah
Alida,Jayes,ajayesof@theguardian.com,1811135715,Uruaçu
Gherardo,Ipwell,gipwellog@bloglines.com,4624892880,Ostrožská Lhota
Robinia,Jorger,rjorgeroh@newsvine.com,2595624118,Malabago
Jesselyn,Stooders,jstoodersoi@1und1.de,4613579849,Shanhou
Cristine,Kubas,ckubasoj@github.com,2748730851,Grabów
Donia,Madill,dmadillok@elpais.com,5003906446,Sandaoba
Noll,Curle,ncurleol@ifeng.com,4536772959,La Virgen
Shell,Pigrome,spigromeom@chicagotribune.com,1418390432,Breu
Patrizia,Worster,pworsteron@imageshack.us,3742653989,Arvika
Sergent,Radbourn,sradbournoo@intel.com,9592190156,Zhongyuanlu
Sonja,Lillecrap,slillecrapop@weather.com,8459072034,Bangjun
Robby,Keane,rkeaneoq@google.ru,9777634382,Lebedinovka
Ursola,Jedrasik,ujedrasikor@stanford.edu,8332143477,Patalan
Vivian,Whitnall,vwhitnallos@theglobeandmail.com,2177278726,Matozinhos
Blake,Strugnell,bstrugnellot@tmall.com,8477305367,Alicante/Alacant
Gayle,Sutworth,gsutworthou@foxnews.com,1069713659,Guandukou
Candice,Stapele,cstapeleov@shutterfly.com,6764038460,Oepula
Nert,Robertson,nrobertsonow@nymag.com,9143079965,A-da-Gorda
Ivar,Tebald,itebaldox@nbcnews.com,8718266178,Xiangjiazhai
Travis,Fallanche,tfallancheoy@edublogs.org,4611828418,Léo
Roy,Girt,rgirtoz@intel.com,8415833523,Sangba
Amity,Jewiss,ajewissp0@seattletimes.com,2221494427,Dzerzhinsk
Conrade,Robard,crobardp1@nyu.edu,2643311033,Matanzas
Tatum,Hebdon,thebdonp2@webs.com,1784402805,Jingling
Matthus,Lemmertz,mlemmertzp3@weebly.com,9943281103,Marseille
Dalton,Skuse,dskusep4@trellian.com,2561144901,Nurlat
Emile,Cocks,ecocksp5@bloglines.com,1935690807,Runjin
Paolina,Pyatt,ppyattp6@cbc.ca,8649528011,Krasnodar
Ingeborg,Simcoe,isimcoep7@free.fr,6723143744,Hirosaki
Sigfrid,Marchington,smarchingtonp8@admin.ch,9062787719,Zouparria do Monte
Karlen,Mulqueeny,kmulqueenyp9@shop-pro.jp,3604228720,Paccho
Amalle,Rissen,arissenpa@statcounter.com,3533772596,Usu
Loy,Bunson,lbunsonpb@dailymail.co.uk,3587763206,Dongxiao
Smitty,Beange,sbeangepc@godaddy.com,2691541864,Thị Trấn Mỹ Lộc
Noreen,Northley,nnorthleypd@redcross.org,7473439760,Fengtang
Petronilla,Branford,pbranfordpe@youku.com,3147056438,Picassinos
Glenden,Bischop,gbischoppf@blogger.com,5314723700,Hamilton
Britt,Pedgrift,bpedgriftpg@unesco.org,2481041322,Miaoxi
Pammi,Dutnall,pdutnallph@bizjournals.com,8325014161,Karanganyar
Kitty,Gilkes,kgilkespi@jigsy.com,1508588910,Dorowa Mining Lease
Aime,Claus,aclauspj@mashable.com,4248498057,Nepomuceno
Magda,Abrahmson,mabrahmsonpk@tinyurl.com,2051743068,Kilcullen
Saraann,Likely,slikelypl@senate.gov,3922627728,Kyosai
Dayle,Lowmass,dlowmasspm@cbsnews.com,6299458564,Al Finţās
Belle,Jewel,bjewelpn@ovh.net,9512415041,Cimişlia
Adorne,Storry,astorrypo@usnews.com,7154315721,Bazha
Elysee,Kik,ekikpp@imageshack.us,9796440025,Bayan
Nert,Newcome,nnewcomepq@stanford.edu,8121141530,Zhangqiang
Yanaton,Massow,ymassowpr@pbs.org,9314162741,Alunda
Urson,Haensel,uhaenselps@topsy.com,7978624783,Giebułtów
Kristine,Nyles,knylespt@twitter.com,1741609224,Tokonou
Timmy,Colhoun,tcolhounpu@histats.com,7541571864,Mompós
Salaidh,Wonfor,swonforpv@networksolutions.com,3259561572,Kadurahayu
Vanessa,McCaughren,vmccaughrenpw@pcworld.com,3273912699,Korets’
Margo,Lutzmann,mlutzmannpx@addthis.com,8993072379,Lutowiska
Gothart,Cavan,gcavanpy@howstuffworks.com,3681567706,Nonohonis
Vladimir,McCallister,vmccallisterpz@twitpic.com,8221029715,Kutao
Foster,Bowller,fbowllerq0@a8.net,9395985646,Nogliki
Aila,Pierucci,apierucciq1@angelfire.com,1934756940,Wringinputih
Nadia,Gerardi,ngerardiq2@icio.us,8502297495,Moshenskoye
Bernadine,Trawin,btrawinq3@tuttocitta.it,1934562557,Costa Sacate
Myles,Casa,mcasaq4@wikia.com,5096061550,Maragogipe
Emilee,Symon,esymonq5@1688.com,3846966039,Ljungby
Claus,Ellings,cellingsq6@shop-pro.jp,4876029213,Pyongyang
Fey,Joao,fjoaoq7@blog.com,7465896935,Zambrów
Issi,Stockall,istockallq8@wsj.com,4461180593,São Domingos de Rana
Hugo,Hartwright,hhartwrightq9@51.la,7151647242,Caojia
Bernetta,Trewman,btrewmanqa@paypal.com,1121788786,Gaur
Saunders,Freyn,sfreynqb@epa.gov,7646544473,Rurrenabaque
Bank,Sullly,bsulllyqc@hugedomains.com,7349418935,Shancheng
Des,Legerwood,dlegerwoodqd@prlog.org,3303204044,Sísion
Corinne,Claworth,cclaworthqe@ucla.edu,7956760309,Sŭngho 1-tong
Tobey,Wiper,twiperqf@fotki.com,4158879248,Alenquer
Loria,Mouatt,lmouattqg@oaic.gov.au,1196944792,Lyubotyn
Salim,Palfree,spalfreeqh@ning.com,2101167119,San Antonio
Fields,Crayker,fcraykerqi@sina.com.cn,4532246926,Ampahana
Lanie,Gildroy,lgildroyqj@imageshack.us,8351407949,Amiens
Denis,Canavan,dcanavanqk@nydailynews.com,6648005785,Urek-urek
Bevon,Forbear,bforbearql@php.net,5543224473,Ořechov
Murielle,Attwill,mattwillqm@google.pl,2009336333,Feng’an
Gary,Matevushev,gmatevushevqn@issuu.com,5749412894,Zhichu
Nevins,Roggerone,nroggeroneqo@indiatimes.com,6044179703,Uchimaru
Prentiss,Bendle,pbendleqp@washingtonpost.com,1312744050,Ivanovskoye
Mario,Comazzo,mcomazzoqq@ehow.com,4153780272,Huai Mek
Merl,Cobb,mcobbqr@51.la,7358051544,Sojo
Gilligan,Culmer,gculmerqs@merriam-webster.com,2661106123,Sambirejo
Tansy,Cobley,tcobleyqt@tinypic.com,5941580656,Örnsköldsvik
Anna-diana,McCart,amccartqu@harvard.edu,6854362256,Ţūlkarm
Viv,Dolling,vdollingqv@dagondesign.com,2022120386,Tugu
Tuckie,Elsby,telsbyqw@admin.ch,2858885667,Požarevac
Marena,Hakeworth,mhakeworthqx@marketwatch.com,8155797624,Yelizavetinskoye
Dill,Deares,ddearesqy@arizona.edu,2708119170,Kulase
Noelani,Hemeret,nhemeretqz@ocn.ne.jp,8409858989,Toulouse
Kayne,Kibard,kkibardr0@xinhuanet.com,8434772369,Lumby
Dewie,Crackel,dcrackelr1@digg.com,9626428009,Växjö
Kayley,McGloin,kmcgloinr2@tripod.com,8128170213,Evansville
Sawyer,Moorcraft,smoorcraftr3@latimes.com,7751544668,Kimje
Simone,McLewd,smclewdr4@time.com,1085187253,Idi Iroko
Burl,Bradden,bbraddenr5@webmd.com,3379314500,Tabora
Lizette,Frazier,lfrazierr6@cmu.edu,7923836068,Quebradas
Kym,Toulch,ktoulchr7@google.ca,1832357554,Souto da Costa
Lizette,Saunders,lsaundersr8@huffingtonpost.com,1706784005,Babakantugu
Concordia,Heikkinen,cheikkinenr9@w3.org,8779376849,Skärholmen
Sasha,Skeen,sskeenra@wisc.edu,5573451010,Hortolândia
Aigneis,Minnette,aminnetterb@jugem.jp,9182691081,Hantsport
Meridel,Mosconi,mmosconirc@cisco.com,2746810254,Jinja
Lani,Tutsell,ltutsellrd@wordpress.org,8515190727,Marigot
Alena,Lilburne,alilburnere@smugmug.com,1019656640,Kislovodsk
Fonsie,Templar,ftemplarrf@plala.or.jp,8489164495,Tongjing
Bibby,Dibbert,bdibbertrg@reddit.com,5411386648,Sakai
Ingunna,Hellier,ihellierrh@berkeley.edu,9045173577,La Esmeralda
Kenon,Krzysztofiak,kkrzysztofiakri@sohu.com,2708812578,Basarabeasca
Dudley,Caveill,dcaveillrj@dell.com,4096855167,Oslo
Prinz,Guerola,pguerolark@wp.com,2912671107,Shichuan
Olga,Speares,ospearesrl@gmpg.org,1077549761,Ezhou
Vladamir,Rubinshtein,vrubinshteinrm@geocities.com,2519728157,Xinwu
Barbette,Tittletross,btittletrossrn@ezinearticles.com,1392641737,Calgary
Alister,Fryett,afryettro@forbes.com,9295815154,Santa Lucía
Ricardo,Becken,rbeckenrp@oaic.gov.au,4575471288,Dolní Studénky
Neel,Claw,nclawrq@xing.com,8949660005,Norton
Verene,MacTague,vmactaguerr@slashdot.org,5587209752,Bereeda
